text,name,id,lang,translated
"Honor to be named in @tipsbladets Team of the Decade in the Superliga #sldk
Denmark gave me a breakthrough in my https://t.co/7rmPZrqfd5",bsanneh15,3370998455,en,
"RT @modousticPR: Gambia defender Bubacarr Sanneh has been named in the Danish Superliga Team of the Decade by @TipsBladet.

Buba had memora",bsanneh15,3370998455,en,
"Congrats Guys
performance
#FCM  https://t.co/bisCrORuDk",bsanneh15,3370998455,en,
@RizaDurmisi Congratulations brother - Allah be with you and All the best!,bsanneh15,3370998455,en,
@RossMidtjylland ,bsanneh15,3370998455,und,
RT @RossMidtjylland: @bsanneh15  we will never forget! ,bsanneh15,3370998455,en,
"

#FCM https://t.co/hpqwHU1Yaf",bsanneh15,3370998455,und,
"
 https://t.co/kSqB7G6ojc",bsanneh15,3370998455,und,
"@Halstinho @EsbjergfB Congrats Halsti
#Legend",bsanneh15,3370998455,en,
"RT @modoubeyai: @lasteven04 @bsanneh15 Brooo, these rumors have been flying around for far too long without even the player knowing but Im",bsanneh15,3370998455,en,
RT @modousticPR: #ModousticSportsPR defender Muhammed Sanneh earlier this week spent couple of days in Denmark to train with Superliga club,bsanneh15,3370998455,en,
"RT @stevebadjie: Forza the boys

The never give up spirit was there.
Cam'on the scorpions
#AFCON2021 https://t.co/9fJnRFu6pW",bsanneh15,3370998455,en,
"Great resilience shown by the TEAM today and glad we could put up a strong performance for our fans
Thanks to eve https://t.co/lVY5WwptKg",bsanneh15,3370998455,en,
RT @modoubah: These Scorpions never die #GAMDRC https://t.co/fe20OipdRM,bsanneh15,3370998455,en,
"GAME DAY!

The Gambia vs DR Congo

Come on SCORPIONS!! https://t.co/o6be2KuUi9",bsanneh15,3370998455,en,
@JammehSam Happy Birthday bro,bsanneh15,3370998455,en,
@TimSparv Congratulations Tim!,bsanneh15,3370998455,en,
@modoubah Thanks bro,bsanneh15,3370998455,en,
@Banjulboy @modoubeyai Thanks Presi,bsanneh15,3370998455,en,
"Proud of this TEAM!!
Lets push and get the job done at home for our country!
#ANGGAM #AFCON2021Q https://t.co/VTEuojJ025",bsanneh15,3370998455,en,
 https://t.co/WlcIQumu1S,bsanneh15,3370998455,und,
"RT @Goztepe: Mutlu Yalar Sanneh

#Göztepe https://t.co/Kb3T8BaGYq",bsanneh15,3370998455,tr,
"RT @ocolley15: Lets continue like this guys,the future is bright. We go again on Monday AngGam AFCONQ",bsanneh15,3370998455,en,
 https://t.co/jn6nCz3wkg,bsanneh15,3370998455,und,
"@MugiwaraNoMelo So I cant support @fcmidtjylland in peace now?
Cmon!!",bsanneh15,3370998455,en,
@eriksviat @fcmidtjylland Congrats bro - great win for the team!Lets keep going,bsanneh15,3370998455,en,
"
#FCM  https://t.co/aLlwUUUhfL",bsanneh15,3370998455,und,
"RT @Goztepe: Karlama 3-0 galibiyetimiz ile sona erdi.

#Göztepe #ZTK https://t.co/DSz5e0LylR",bsanneh15,3370998455,tr,
@TimSparv @Huuhkajat Congrats Tim!,bsanneh15,3370998455,en,
 https://t.co/El0KHVO812,bsanneh15,3370998455,und,
"RT @caminomundialok: #CAN2021 
#Djibouti 1-1 #Gambia
 Eliminatorias - Ronda Preliminar- Ida
 El Hadj Hassan Gouled Aptidon, Djibout",bsanneh15,3370998455,es,
"RT @logicsport: Bubacarr Sanneh's Last Minutes Header Salvages A Point For The Gambia
https://t.co/JUSJRp3JRl https://t.co/zqlsOwtUIU",bsanneh15,3370998455,en,
"When hard workbeats talent!
Just stay focused and work hard!! https://t.co/RzIebhRGu7",bsanneh15,3370998455,en,
@KaraMbodji Congrats bro,bsanneh15,3370998455,en,
"RT @Goztepe: Göztepe'miz bugn gerekleen antrenman ile zmir'deki hazrlklarn tamamlad.

https://t.co/ENKQ3urs69

#Göztepe #UrlaGnl",bsanneh15,3370998455,tr,
 https://t.co/esRQimpJUJ,bsanneh15,3370998455,und,
@YannickBolasie @Sporting_CP @Everton Congrats bro and all the best,bsanneh15,3370998455,en,
@jbupoulsen7 Congrats and all the best at your new Club,bsanneh15,3370998455,en,
@stevetrawally1 ,bsanneh15,3370998455,und,
RT @stevetrawally1:  https://t.co/zbExL0lzLc,bsanneh15,3370998455,und,
"RT @niilexis: Remember one thing; through every dark night, theres a bright day after that. So no matter how hard it gets, stick your ches",bsanneh15,3370998455,en,
@modoubarrow14 @Denizlispor_ ,bsanneh15,3370998455,und,
RT @modousticPR: Congratulations to #ModousticSportsPRs Patrick Sylva who made his debut as a professional footballer in Paide Linnameesko,bsanneh15,3370998455,en,
"RT @paulpogba: My ancestors and my parents suffered for my generation to be free today, to work, to take the bus, to play football. Racist",bsanneh15,3370998455,en,
RT @Goztepe:  @bsanneh15 https://t.co/LDhBVpvVIe,bsanneh15,3370998455,und,
"@Msaeid8 @rscanderlecht @CouckeMarc Thanks brother, love always",bsanneh15,3370998455,en,
@matthew_benham @Goztepe Thank you a lot Matthew - your support is really appreciatedAppreciate everything,bsanneh15,3370998455,en,
@TimSparv @Goztepe Thanks TimGood luck for the season,bsanneh15,3370998455,en,
Id like to express my sincere thanks to @rscanderlecht Chairman @CouckeMarc for his confidence in bringing me to t https://t.co/BB0ohvorRl,bsanneh15,3370998455,en,
"Its with great pleasure to join @Goztepe for the next season
Thanks to everyone at the Club for their confidence https://t.co/IQfAnrbtIa",bsanneh15,3370998455,en,
RT @DrOusman180987: Great achievement...Gambia is proud !!... https://t.co/mjL8vB8EeD,modousticPR,3359147229,en,
"RT @bsanneh15: Honor to be named in @tipsbladets Team of the Decade in the Superliga #sldk
Denmark gave me a breakthrough in my football",modousticPR,3359147229,en,
"Gambia defender Bubacarr Sanneh has been named in the Danish Superliga Team of the Decade by @TipsBladet.

Buba had https://t.co/CGAWXKAD3Q",modousticPR,3359147229,en,
RT @stevetrawally1: Good fighting spirit shown today by the TEAMand Im PROUD of the strong  performance we put in to be back on the,modousticPR,3359147229,en,
"RT @ChrisAtkins_: At the Bernebeu with @OhaleOsinachi to finish her birthday celebrations.

Hala Madrid! https://t.co/pEUir3VBxe",modousticPR,3359147229,en,
RT @CzemkoDawid: Mohammed Sanneh (po prawej) wraz z reprezentacj Gambii U20 zdoby 3 miejsce na Mistrzostwach WAFU w tej kategorii wiekowe,modousticPR,3359147229,pl,
"RT @modoubeyai: Gambia forward Bubacarr Trawally scored a brace for Ajman Club against Al-Ittihad Kalba SC on Tuesday.

The goals were @ste",modousticPR,3359147229,en,
"#ModousticSportsPR defender James Gomez has been officially ordained as the new captain of The Gambia U20

The 18 https://t.co/XIkc7uUbsY",modousticPR,3359147229,en,
Congratulations to #ModousticSportsPR defense duo Muhammed Sanneh and James Gomez who put up strong performances fo https://t.co/hKGJrP2F7d,modousticPR,3359147229,en,
RT @raazine10: Well deserved  https://t.co/jBoApV1PO5,modousticPR,3359147229,en,
"#ModousticSportsPR striker Alassana Jatta was named in the Estonia Meistriliiga Team of The (2019) Season.
The 20-y https://t.co/OoP8lc9FeR",modousticPR,3359147229,en,
RT @Banjulboy: Happy birthday  to the big @modoubeyai @modousticPR please dont over enjoy with the main man #Dynkins,modousticPR,3359147229,en,
#ModousticSportsPR defense duo James Gomez &amp; Muhammed Sanneh both had stern performances for Gambia U20 who sailed https://t.co/BTGmo6Rgnt,modousticPR,3359147229,en,
Good luck to #ModousticSportsPR duo Muhammed Sanneh &amp; James Gomez whore with the Gambia U20 national team in Conak https://t.co/YPIBBy0vJl,modousticPR,3359147229,en,
"RT @stevetrawally1: Nothing like a day off as continuous work and consistent hard work leads to success
#NoOffDays #WorkHard #WorkOut",modousticPR,3359147229,en,
Muhammed Sanneh spent two days in Denmark training with Superliga side AaB after ending a very good first season in https://t.co/qNHWLvMGBs,modousticPR,3359147229,en,
#ModousticSportsPR defender Muhammed Sanneh earlier this week spent couple of days in Denmark to train with Superli https://t.co/oFlk77cgLa,modousticPR,3359147229,en,
Congratulations to #ModousticSportsPR defender Muhammed Sanneh who came out 3rd in the Players Player of the Year https://t.co/Riyh2UPOcw,modousticPR,3359147229,en,
"RT @pete83: @Micloewe Alassana Jatta fra VFF (20) - 
8 kampe - 5 mål og 1 assist i 1. Div. Viborg kommer ud med underskud og FCM har fr",modousticPR,3359147229,da,
RT @modoubeyai: Gambia forward Bubacarr Steve Trawally scored his second goal in the UAE Pro League for Ajman Club who suffered a 3-1 def,modousticPR,3359147229,en,
"Viborg FF captain Jeppe Grnning full of praise for #ModousticSportsPR striker Alassana Jatta.

Our Gambian striker https://t.co/7ixNbgSF4o",modousticPR,3359147229,en,
RT @soccercafe1: 19 years old @RealDeBanjulFC left-back #EssaJallow have begun 2 weeks trails with Danish side Viborg FF. He alongside with,modousticPR,3359147229,en,
#ModousticSportsPR left-footed defender Essa Jallow on trial in Denmark with 1st Division league leaders Viborg FF. https://t.co/ELMhwcR2PF,modousticPR,3359147229,en,
#ModousticSportsPR defender Essa Jallow is currently in Denmark undergoing a two-week trial with 1st Division side https://t.co/ltBAQfsQEe,modousticPR,3359147229,en,
#ModousticSportsPR striker Alassana Jatta scored twice as Viborg FF reclaimed top spot in the Danish 1st Division a https://t.co/adR5zukS0M,modousticPR,3359147229,en,
"RT @soccercafe1: Lethal -23 goals in 27 matches

Alasana Jatta scored twice in Viborg FF 3-1 win over Nstved to register his fifth goal in",modousticPR,3359147229,en,
Another goal for #ModousticSportsPR striker Alassana Jatta whos given Viborg FF the lead at Nstved BK - get IN! https://t.co/D3ZzO6pRwe,modousticPR,3359147229,da,
#ModousticSportsPR striker Alassana Jatta leveled the scores for #ViborgFF. https://t.co/cKnI7pnmlv,modousticPR,3359147229,en,
"RT @ScoutBshekel:  :

Muhammed Sanneh (2000,)

: 19
:  ,  , 
: 
: Paide ( ",modousticPR,3359147229,iw,
Gambia Under 20 defender Muhammed Sanneh was instrumental in Paide Linnameeskonds 2-1 home win over Tallinna Kalev https://t.co/FgEOA4oz0F,modousticPR,3359147229,en,
RT @Fut_DinamarcaBR: Alassana Jatta  Viborg FF  https://t.co/tA8lZfuvjD,modousticPR,3359147229,fi,
"THREE GALS in SIX league appearances

Congratulations to #Gambias Alassana Jatta who scored his third league https://t.co/WncSLyD0nz",modousticPR,3359147229,en,
"RT @tipsbladet: Viborg-trner om ny, ung angriber: Han har et kmp potentiale #1div https://t.co/Rqm3kSMFbO",modousticPR,3359147229,da,
"RT @modoubeyai: .@stevetrawally1 @a_almualim Couple of LINKiesand FAMILY
Coming together was a beginning, staying together is progress a",modousticPR,3359147229,en,
RT @modoubeyai: Viborg FF coach Jacob Neestrup on his new Gambian signing Alassana Jatta who has so far scored two goals in six league appe,modousticPR,3359147229,en,
"RT @AGLeague:         

  #_  #__",modousticPR,3359147229,ar,
"RT @AGLeague:   
    
   
  
     

      ",modousticPR,3359147229,ar,
Congratulations to #ModousticSportsPR striker Alassana Jatta who scored his second league goal for Viborg FF in the https://t.co/gmZZWCgrqv,modousticPR,3359147229,en,
"RT @modoubeyai: Gambian striker Alassana Jattas goal in the Danish Cup has been choosen as the goal of the 2nd round.

The 20-year-old sco",modousticPR,3359147229,en,
"GOAL OF THE ROUND!

Congratulations to #ModousticSportsPR striker Alassana Jatta whose goal for Viborg FF in the https://t.co/969zQDT3b4",modousticPR,3359147229,en,
Congratulations to #ModousticSportsPR striker Alassana Jatta who scored twice in Viborg FFs 4-0 win over FC Snder https://t.co/6UQe66EZFv,modousticPR,3359147229,en,
#ModousticSportsPR duo Muhammed Sanneh and Patrick Sylva have both shared the same stage at international level for https://t.co/NUI0CWNJIz,modousticPR,3359147229,en,
"FROM Teammates

TO being competitors in The Gambia league

BACK to being TEAMMATES in Estonia with Paide Linna https://t.co/jHbxIL2eYO",modousticPR,3359147229,en,
#ModousticSportsPRs Gambian duo Muhammed Sanneh and Patrick Sylva both found the back of the net in Paide Linnamee https://t.co/48PgFpIZWH,modousticPR,3359147229,en,
RT @bsanneh15:  https://t.co/esRQimpJUJ,modousticPR,3359147229,und,
"Congratulations Muhammed Sanneh for making Team of the Week 25 in the Estonia!
#ModousticSportsPR https://t.co/Blw7pNIWGU",modousticPR,3359147229,en,
Congratulations to #ModousticSportsPRs Patrick Sylva who made his debut as a professional footballer in Paide Linn https://t.co/GK6VaRhKwy,modousticPR,3359147229,en,
"DONE
SIGNED, SEALED &amp; DELIVERED!

Congrats to #ModousticSportsPRs Patrick Sylva who has signed a two-&amp;-a-half-y https://t.co/PGw8jUHAVO",modousticPR,3359147229,en,
"FIRST GAME 
DEBUT GOAL

#ModousticSportsPR striker Alassana Jatta scored on his Viborg FF debut in their 2-2 home https://t.co/nQN59T1Z0o",modousticPR,3359147229,en,
RT @CzemkoDawid: A si wzruszyem. Muhammad Sanneh i Alassana Jatta z powoaniem do szerokiej kadry Gambii. Jednak da si co w  zrobi,modousticPR,3359147229,pl,
@pmk8080 @CrackBaby1312 ... https://t.co/Zr5GGJ1j06,Sklander89,773637704,und,
@JesperSimoni @PatrickArff @JKMattsson @stupidpussy @kristianhz Jeg synes også det hele virker lidt underligt må je https://t.co/pbfJbY1DmB,Sklander89,773637704,da,
"@Fodboldpodcast Det br som minimum påtales, at der igen udves hetz imod #lyttillars . Denne gang i @FodboldFM og https://t.co/of02bYTwly",Sklander89,773637704,da,
@PatrickArff @JKMattsson @stupidpussy @kristianhz @JesperSimoni Det er så vigtigt at have for je at det handler om https://t.co/Bu5sguHIzB,Sklander89,773637704,da,
"Mange flotte, få knapt så flotte, som den nuvrende ... https://t.co/2Z6Vx5weZM",Sklander89,773637704,da,
"RT @AnonymLaerer: Vi skal i skolen morgen. Den 2. januar!!!
Vedkommende som har fået den ide, står til en seris kindhest.",Sklander89,773637704,da,
"@steffensen_lars Come on! Vi taler om, at Brndby mangler max. 6 point. 1p i snit i de sidste kampe. Vi mangler at https://t.co/K3WE6QFHDZ",Sklander89,773637704,da,
"RT @benediktekiaer: Godt med fokus på brn, men nytårstalen handlede alt for meget om tvangsanbringelse af brn, hvilket vi bestemt ikke ha",Sklander89,773637704,da,
@CrackBaby1312 Til gengld har jeg 5 ugers sommerferie... https://t.co/unkdJtP9Di,Sklander89,773637704,da,
@claussterup Prcis. Det er det der er sket i 10erne ...,Sklander89,773637704,da,
"RT @hanstosti: Ih, hvor jeg håber at Twitter-Danmark vil ta de 13 min. med Kirsten Birgit, når I vågner i morgen. Godt nytår, med maksimal",Sklander89,773637704,da,
"RT @MBrgger: Pige, trd varsomt. Se Kirsten Birgits nytårstale | DRTV https://t.co/UiWNmx5Z5F",Sklander89,773637704,da,
@JanEliazzen Den får jeg ikke. Den skal der svedes for ... https://t.co/jar6CRg3MJ,Sklander89,773637704,da,
"Målene for Brndby i den kommende år: 

- Blive nr.3 i Superligaen 19/20 + i efteråret 20. 
- Få bedre styr på trup https://t.co/aWB9iyTUUU",Sklander89,773637704,da,
"De nste ti år har vret en succes hvis... 

1)Jeg taber 30 kg.
2)Brndby vinder Superligaen
3)Vi får genoplivet Ra https://t.co/SXVNaaqozz",Sklander89,773637704,da,
@sportbible https://t.co/TqZ7psDNxK,Sklander89,773637704,und,
RT @CrackBaby1312: Brndby IF - ubesejret 2020! https://t.co/woYulUsol9,Sklander89,773637704,da,
"@JonasJorgensen @kentjnielsen De skal ihvertfald stramme op når der kommer VAR, ellers ender FCM ofte med 10 mand.",Sklander89,773637704,da,
"RT @CrackBaby1312: Folk, der fyrer et 300-skuds batteri af i fuldt dagslys, burde have frataget deres stemmeret. https://t.co/KNM8H0O4YA",Sklander89,773637704,da,
Spot on  #sldk https://t.co/wkuXy5DWFi,Sklander89,773637704,en,
@lethan87 @FutbologyApp Hvad mangler du i SL?,Sklander89,773637704,da,
"Til orientering, så afholder hendes majestt sin nytårstale kl.18:15 på DR2, lige efter Dronningens nytårstale på D https://t.co/UksAC5majO",Sklander89,773637704,da,
RT @YellowBlueArne: https://t.co/iTKAiHDmnM,Sklander89,773637704,und,
Man glemmer helt Dario Dumic. Betd faktisk meget i en årerkke. https://t.co/FB0NNwKICk,Sklander89,773637704,da,
"@kentjnielsen VAR skal udrydde de KLARE fejl, som den du viser der, eller feks Roberts Skovs straffe imod os i maj https://t.co/5ogQq6TU5R",Sklander89,773637704,da,
"@PatrickArff @kentjnielsen Og selv hvis I havde vundet den kamp, så tror jeg vi kan finde nok der gik jeres vej til https://t.co/A7x1Eh8IWa",Sklander89,773637704,da,
@PatrickArff @kentjnielsen Har lige set den igen. Jeg ser offside på Duelund. Med fred vre med det.,Sklander89,773637704,da,
@kentjnielsen @PatrickArff Den stor 2-1 og der var klart offside. Så den kan heldigvis streges ;) https://t.co/HpcsV2IOE9,Sklander89,773637704,no,
@kentjnielsen @PatrickArff Glade*,Sklander89,773637704,en,
@kentjnielsen @PatrickArff Husker mange manglende rde kort til Sparv den sson og et manglende frispark i Aalborg https://t.co/2w0z9wsdO7,Sklander89,773637704,da,
@kentjnielsen @PatrickArff Var der ikke offside? Så skal der jo ikke vre straffe og VAR?,Sklander89,773637704,da,
@PatrickArff @kentjnielsen Vi kunne nok også godt have fundet 2 rde kort til jer i guldkampen på Brndby Stadion med VAR ;),Sklander89,773637704,da,
3 people followed me // automatically checked by https://t.co/Vamb3vCeia,Sklander89,773637704,en,
En af de bedste nytårstraditioner  #dkpol https://t.co/Ux2PzfsXZv,Sklander89,773637704,da,
@OliverBdk @3pointdk @SimonMakienok @RizaDurmisi @JNashLarsson Man kan sgu ikke vlge Arajuuri over Martin A. Sidst https://t.co/96IUXBnCi1,Sklander89,773637704,da,
@mikkelvejlgaard @FodboldFM @Superligaen Del Hende var god mere end 1 år. Var også strk i Haderslev.,Sklander89,773637704,da,
@mikkelvejlgaard @FodboldFM @Superligaen Han var også inde i billedet. Synes bare Del Hende har vret vild. Var vel https://t.co/m2RANVSXDb,Sklander89,773637704,da,
"@bajerbold @FodboldFM @Superligaen Kan jeg godt leve med. Ifh til top 3 nogensinde, er det måske at tage munden for https://t.co/GpyQVl26l0",Sklander89,773637704,da,
"@LinkhorstMarcus @OliverBdk @3pointdk @SimonMakienok @RizaDurmisi @JNashLarsson De har han ihvertfald selv udtalt, https://t.co/PXysPr5d3V",Sklander89,773637704,da,
"RT @CrackBaby1312: @krystalpaladset Ja. Pinligt de bruger tid på den slags i Tyrkiet, når der faktisk findes mnd, der spreder benene for m",Sklander89,773637704,da,
"@thomasr1975 @BrondbyIF Self er der truffet en afgrelse, men det kunne jo have noget med regnskabsår at gre måske https://t.co/B9YokMqD6m",Sklander89,773637704,da,
"RT @3pointdk: Nå, giv os tv. St jeres hold. Er nogle af jer enige med vores valg af årtiets #Brndby-hold? 

Se ALLE Brndbys spillere fr",Sklander89,773637704,da,
@matibold @FodboldFM @Superligaen Bestemt en fin mulighed.,Sklander89,773637704,da,
@JesperSimoni @Micloewe @FodboldFM @Superligaen https://t.co/SqaQZ2TYkn,Sklander89,773637704,und,
@thomasr1975 @BrondbyIF Hvorfor? Man kan da sagtens offentliggre det efter 1.januar? Bare det er på plads fr truppen mder ind.,Sklander89,773637704,da,
"RT @Kronprinsen43: Kan godt vre det har vret et lorte år for Brndby IF, men hjemmekampen imod Gdansk tror jeg ikke engang jeg ville glem",Sklander89,773637704,da,
@DPE1983 I andre lande har man et TV hvor dommeren kan gå ud. Det giver mere situationsfornemmelse fremfor en OB vo https://t.co/gL56HzRyDD,Sklander89,773637704,da,
"@Micloewe @FodboldFM @Superligaen Jeg er ved at erkende, at det var forkert at stte Lucas på, men det var faktisk https://t.co/5zhp6g9wh4",Sklander89,773637704,da,
@Micloewe @FodboldFM @Superligaen Grnkjr var jo nsten ikke med? Stoppede han ikke i sommeren 11? Sisto var boble https://t.co/6KOGweud3x,Sklander89,773637704,da,
"@casperdelinde @DanielMads88 @FodboldFM @Superligaen Stockholm var god i guldssonen, men ikke srlig god hverken f https://t.co/xpmTOZNwgz",Sklander89,773637704,da,
RT @spanotv: Emmanuel Sabbi highlight tape out now on YouTube!! #USMNT #HobroIk https://t.co/j40b9OljNg https://t.co/ynu4qwAkiq,Sabbi11F,1212390857715765248,en,
Skills  https://t.co/wR3Gbrlu7l,Sabbi11F,1212390857715765248,en,
RT @samsarmy: 21yo @emmanuelsabbi97  winger for Hobro in Danish Superliga  exudes the kind of BDE that American soccer too often lacks ht,Sabbi11F,1212390857715765248,en,
"RT @hikfodbold: Emmanuel Sabbi kom desvrre ikke på måltavlen i dagens kamp mod FCK, men denne detalje fra amerikaneren kan vist godt tåle",Sabbi11F,1212390857715765248,da,
"RT @Superligaen:  Rundens Hold i 16. spillerunde 

Hele otte forskellige klubber reprsenteret på Rundens Hold i 16. spillerunde 

https",Sabbi11F,1212390857715765248,da,
RT @FutureUsmnt: Emmanuel Sabbi with a sublime free kick against Odense  https://t.co/6Z7hMZkmvN,Sabbi11F,1212390857715765248,en,
USMNT U23 Winger Emmanuel Sabbi  in all competition in the Danish Superliga @emmanuelsabbi97 @Hobroik https://t.co/oO30S2iKd8,Sabbi11F,1212390857715765248,en,
"RT @StensdalGroup: Vi starter 2020 med at byde ny medarbejder velkommen. Jrgen Jensen, der har mere end 30 års erfaring som elektriker og",missmunter,14691318,da,
@steen https://t.co/OrEKO4DPLv,missmunter,14691318,und,
@steen Der er kedeligt. Vend om! Kr hellere op i bjergene. Ind og se Ronda fx. Drabelig historie. Smuk natur. God tapas i de små gader.,missmunter,14691318,da,
"Brnenes skole starter frst på mandag.
Må man egentlig godt tweete det i dag?

#skolechat @KlostermSkole #lrmedklm https://t.co/u3AEj9ooZs",missmunter,14691318,da,
"Til fodboldstvne i nytårsdagene anbefalede jeg en anden mor denne udstilling. Hun har lige sendt en stor tak.

Sid https://t.co/QdN0vO4wzt",missmunter,14691318,da,
@Kaspervillum @CaspPed +1,missmunter,14691318,und,
"@QuistDR Ville også vre langt mere bekymret over, hvem der driller dig med de hviiiiiiie ... altså, de andre hviiiiiie ...",missmunter,14691318,da,
@QuistDR No. Worries.  https://t.co/cjztZXySpp,missmunter,14691318,en,
"@QuistDR h, du forstår det hele. Er jeg helt sikker på. 

Har en (slem?) vane med at putte det tag på, når det er https://t.co/fvVbwdg5z7",missmunter,14691318,da,
@QuistDR https://t.co/p8NmYpj6sn,missmunter,14691318,und,
"@QuistDR Hvis det er det vrste, der kommer fra en hacket konto, så fred vre med det. Og dig. Og ikke mindst babye https://t.co/fLr9lMCrO7",missmunter,14691318,da,
Psst @SteenHouman #talentudvikling #elitekommune https://t.co/hOfFthAQah,missmunter,14691318,in,
RT @SteenHouman: Er det @SilkeborgIF der giver mest spilletid til danske talenter i @Superligaen? og er det @FCNordsjaelland der giver mest,missmunter,14691318,da,
RT @Soren_Meyer: Så er der åbnet for indstillinger til @RENOVERprisen  2020 https://t.co/YllnFo7aJg,missmunter,14691318,da,
@adambindslev You can blame it on me ...,missmunter,14691318,en,
@adambindslev Jeg har kbt O&amp;R siden 1992 ...,missmunter,14691318,da,
"@adambindslev Jeg prvede at kre alt digitalt i 90'erne, men kunne ikke undvre den fysisike. Min taktile sans er simpelthen for needy!",missmunter,14691318,da,
"Så er der ny #ordningogreda til hverdagen, som startede i dag  #duftenaflder #muntertradition https://t.co/XNOGtWCaZW",missmunter,14691318,da,
"RT @johanknorberg: I know it's hard to believe when you follow the news, but the 2010s was the best decade ever. https://t.co/JcCrmiBKGY",missmunter,14691318,en,
"@HrCologne Bestemt! Selv kan jeg ikke huske det. Kom hertil i 2005. Fr det var Roskilde kun byen, jeg ofte krte https://t.co/hpnPLmOlX6",missmunter,14691318,da,
@HrCologne Bl.a. dette  https://t.co/ksj5UHAgQZ,missmunter,14691318,no,
@HrCologne Har boet i gamle huse på Chr.havn også. De kan noget. Men enig. Der er virkelig dejligt her. I 4000!,missmunter,14691318,da,
@olufsphere #stairwaytoknowledge ,missmunter,14691318,und,
@HrCologne Nemmerlig. Der har i tidernes morgen vret gennemgang til opbevaring i forhuset. Denne del (sidehus) er https://t.co/areOnMrFpZ,missmunter,14691318,da,
"@HrCologne Trappen er blind. Det er sådan noget, vi kan. Herinde i den gamle del af #mitroskilde ",missmunter,14691318,da,
@heidisaasta Mange lange gåture.,missmunter,14691318,da,
#vwbeetle #bilnrd https://t.co/4qlQU4XReW,missmunter,14691318,und,
"Hvad et par timer kan gre ... 
Henter bgerne og bygger på igen. 

#bogtrappen 
#ikkemerejulognytår
#rivnedogbygop https://t.co/m90gfuKris",missmunter,14691318,da,
@denniswetten https://t.co/vHqqlA8SKn,missmunter,14691318,und,
"@AnneKarlskov Tak og lige over, Anne",missmunter,14691318,no,
rets frste #flskestegssandwich. Det bliver et godt år  https://t.co/GxXyjDAsgP,missmunter,14691318,da,
@krmeinert @mattiastesfaye #foodporn ,missmunter,14691318,und,
"@MThaastrup @Pinterest Havde/har stadig stor glde af opslagstavler med netop indretningsideer, da jeg stod i samme situation.",missmunter,14691318,da,
And so it begins. The struggle is real. https://t.co/acH8lpyybO,missmunter,14691318,en,
"@MThaastrup Har du overvejet, eller er på, @Pinterest?",missmunter,14691318,da,
"@MThaastrup Mente også bare, at du måske var for klgtig til at gå kommentatorvejen. Forstår skal din reason why ",missmunter,14691318,da,
@MThaastrup My question: hvad laver DU der?,missmunter,14691318,da,
@VibeBregendahl Men du er også fra et andet årti smukke ,missmunter,14691318,da,
@HrCologne Det kan jeg også. Altså -mor.,missmunter,14691318,da,
"@Rbodker Retter intet. Min nye stil i 20erne. Too old for that shit  

Undskyld mig.",missmunter,14691318,da,
@Rbodker Ronni! Sorry.,missmunter,14691318,en,
"@Rbodker Vi er så meget på hver vores planet. Om 10 år, Ronnie ",missmunter,14691318,da,
@termansen rtiets frste kompliment. Yay. Tak https://t.co/5qy5ZpFl3c,missmunter,14691318,da,
"@termansen Han bliver 11 om lidt, Jakob! 11!!!",missmunter,14691318,da,
"Ved udgangen af dette årti er det ikke sikkert, jeg har hjemmeboende brn ...  #tnkerdetbare https://t.co/LSkdxGdcmZ",missmunter,14691318,da,"By the end of this decade, it is not certain that I have at home children ... #tnkerdetbare https://t.co/LSkdxGdcmZ"
Jeg er klar. Nyt år. Ny playlist. Nye flelser. Bring it on. #denflelse https://t.co/nvLqvggVpa,missmunter,14691318,da,I'm ready. Enjoy years. New playlist. New feelings. Bring it on. #denflelse https://t.co/nvLqvggVpa
"RT @nytimes: In Shanghai, revelers welcomed in the new year with a drone display forming various shapes and patterns against the night sky",missmunter,14691318,en,
@TroelsVDijk Holder je med dig,missmunter,14691318,da,@TroelsVDijk Keeps an eye on you
@TroelsVDijk https://t.co/TXvVHyh5bU,missmunter,14691318,und,@TroelsVDijk https://t.co/TXvVHyh5bU
"RT @Kehlet42: Here it goes; Best Podcasts of the Decade :
10) The RFK Tapes 
9) @serial (1st season)
8) StartUp (1st season)
7) @unspooled",missmunter,14691318,en,
RT @spanotv: Emmanuel Sabbi highlight tape out now on YouTube!! #USMNT #HobroIk https://t.co/j40b9OljNg https://t.co/ynu4qwAkiq,Sabbi11F,1212390857715765248,en,
Skills  https://t.co/wR3Gbrlu7l,Sabbi11F,1212390857715765248,en,
RT @samsarmy: 21yo @emmanuelsabbi97  winger for Hobro in Danish Superliga  exudes the kind of BDE that American soccer too often lacks ht,Sabbi11F,1212390857715765248,en,
"RT @hikfodbold: Emmanuel Sabbi kom desvrre ikke på måltavlen i dagens kamp mod FCK, men denne detalje fra amerikaneren kan vist godt tåle",Sabbi11F,1212390857715765248,da,"RT @hikfodbold Emmanuel Sabbi came unfortunately not on the score board in their match against FC Copenhagen, but this detail from American can well withstand"
"RT @Superligaen:  Rundens Hold i 16. spillerunde 

Hele otte forskellige klubber reprsenteret på Rundens Hold i 16. spillerunde 

https",Sabbi11F,1212390857715765248,da,"RT @Superligaen: round teams in the 16th round of play

Eight different clubs represented at the round teams in the 16th round of play

https"
RT @FutureUsmnt: Emmanuel Sabbi with a sublime free kick against Odense  https://t.co/6Z7hMZkmvN,Sabbi11F,1212390857715765248,en,
USMNT U23 Winger Emmanuel Sabbi  in all competition in the Danish Superliga @emmanuelsabbi97 @Hobroik https://t.co/oO30S2iKd8,Sabbi11F,1212390857715765248,en,
"RT @FutureUsmnt: Congrats to 16 year old forward Vaughn Covil, who made his League 2 debut for Forest Green Rovers today.

Covil came on in",masf_marco,1080793112241422337,en,
RT @proudnagaboy: @FootyHumour Nah!this one https://t.co/bKRTq4DyZ2,masf_marco,1080793112241422337,en,
"RT @FutbolBible:  In this Decade:

Most Goals: #Messi
Most Assist: #Messi
Most chances created: #Messi 
Most dribbles: #Messi
Most free k",masf_marco,1080793112241422337,en,
RT @finalthrd: Liquid footy coming to Yankee Stadium next season? https://t.co/Musv10syFX,masf_marco,1080793112241422337,en,
RT @ScoutedFtbl: 19-year-old Pedro Neto is the youngest top-flight goalscorer for Wolverhampton Wanderers since 1984. https://t.co/UG0fcIfI,masf_marco,1080793112241422337,en,
"RT @FTalentScout: Eberechi Eze in Championship this season:

26 games
10 goals
6 assists

21 years of age. Premier League level talent",masf_marco,1080793112241422337,en,
"RT @oeste: Pogba getting surgery on his getmeouttahere ligament, best of luck in the recovery https://t.co/kfD3RrtFS3",masf_marco,1080793112241422337,en,
"RT @MLS_Buzz: 18-year-old American youth international Owen has signed a new 2.5 year contract with Wolves.

Hes on the bench today in Pre",masf_marco,1080793112241422337,en,
RT @USMNTea: If CCV joins Duane Holmes at Derby Im moving to Derby County and getting season tickets https://t.co/n62zX8Fk04,masf_marco,1080793112241422337,en,
RT @ChuckMe92Soccer: Low-key signing in MLS of a US U23 goalkeeper. He'll probably start for their USL League One side. https://t.co/qg7niU,masf_marco,1080793112241422337,en,
RT @DanielSmith1022: Your 2020 reminder that FutureUSMNT is a tweet thief and it's more or less a copy and paste account that adds a pictur,masf_marco,1080793112241422337,en,
"RT @ChuckMe92Soccer: 19-year-old Watt had played about 900 minutes this season at defensive midfield for Wolves' U23 side, so it's one less",masf_marco,1080793112241422337,en,
"RT @fbwonderkids: Thinking about the #USMNT future a lot for 2020. 

Cool with this U20 lineup? 

GK - Damian Las
DL - Chris Gloster
DC",masf_marco,1080793112241422337,en,
"RT @fbwonderkids: With 2020 here, a new MLS season is closing in!

Prospects to take big steps 

 Julian Araujo
 Cole Turner
 Griff",masf_marco,1080793112241422337,fi,"RT @fbwonderkids: With 2020 here, a new MLS season is closing in!

Prospects to take big steps 

 Julian Araujo
 Cole Turner
 Griff"
RT @DavidNunoABC13: My profile on @CCappis_99 as he gets a call up to the @USMNT January camp.  The 3rd Houston native to get the call.  Jo,masf_marco,1080793112241422337,en,
RT @AmericanHoolis: yEA bUT CaN He dO iT AgAiNsT PoRtLanD on A CoLd sEaTtLe nIgHt lIkE rOLdAn?!?!?! https://t.co/R5MHzfNgn0,masf_marco,1080793112241422337,en,
RT @CheekyChipChat: As the end of the year approaches the Cheeky Chip Chat lads decided to look back at 2019 and choose their Team of the Y,masf_marco,1080793112241422337,en,
"RT @Sabbi11F: USMNT U23 Winger Emmanuel Sabbi  in all competition in the Danish Superliga @emmanuelsabbi97 @Hobroik 

#HobroIK",masf_marco,1080793112241422337,en,
RT @FutureUsmnt: Dual national midfielder Sidney Friede has moved to Bundesliga 2 club Wehen Wiesbaden from Hertha Berlin. The 21 year old,masf_marco,1080793112241422337,en,
"RT @MisterKranks: Duane Holmes #DCFC

v

Charlton Athletic FC #CAFC

All toucheshttps://t.co/Xuvfg9TxFd

#DCFCvCAFC https://t.co/TZzrx4cumN",masf_marco,1080793112241422337,en,
RT @CharlieKelman0: Thank you for the support today ! Felt good to be back on the scoresheet . Safe Journey home . Happy New Year https:/,masf_marco,1080793112241422337,en,
"RT @WolvesAcademy: Owen Otasowie has signed a new two-and-a-half deal with the club, keeping him at Wolves until 2022. 

Congratulations, O",masf_marco,1080793112241422337,en,
"RT @FootballIndexSA: Looking at Weston McKennie as a potential purchase, only 21 and played 13 games already for Schalke #footballindex htt",masf_marco,1080793112241422337,en,
RT @Chasingacup: This real? https://t.co/R1VENs0U2b,masf_marco,1080793112241422337,en,
RT @UnderdogSP: Solid prediction here. A few are locks. https://t.co/BjqXDqPZXC,masf_marco,1080793112241422337,en,
"RT @Chrisawesome63: Yooo if Pulisic is benched tomorrow again or doesnt even make the bench again, do we riot? #Pulisic #USMNT #CFC",masf_marco,1080793112241422337,en,
RT @mistafuntastic: Landon Donovans goal vs Algeria ! #USMNT https://t.co/Sz2hwdPDU8 https://t.co/IZysPIMgnr,masf_marco,1080793112241422337,en,
RT @ffarsenalfc: This kid was suppose to be the next big thing. https://t.co/uFFww9AypU,masf_marco,1080793112241422337,en,
RT @MNyeman: Well done brother https://t.co/lEQ4lmGAYs,masf_marco,1080793112241422337,en,
RT @pkeeler167: Sounds like Soto was supposed to be on #USMNT January roster.   That he isn't suggests a move for him is coming this window.,masf_marco,1080793112241422337,en,
"RT @MLS: Bryang Kayo is just one of the unfamiliar faces at this year's #USMNT camp. 

Say hello to the new kids https://t.co/V9LXJpbtie",masf_marco,1080793112241422337,en,
RT @NYCFC:  https://t.co/zmqhTBcl52,masf_marco,1080793112241422337,und,RT @NYCFC:  https://t.co/zmqhTBcl52
RT @ESPNFC: Messi and Ronaldo ruled the 2010s  https://t.co/1FuB8xG6N0,masf_marco,1080793112241422337,en,
"RT @DinamicoFoxtrot: Se reporta las adquisiciones de Marcelo Palomino, ex-canterano mediocampista de 19 aos de la academia del Houston Dyn",masf_marco,1080793112241422337,es,"RT @DinamicoFoxtrot: It is reported acquisitions Marcelo Palomino, former midfielder of 19 years canterano Academy Houston Dyn"
RT @usmnt_abroad: Holmes with the hockey assist on Derbys second goal with just a  of a ball. https://t.co/FVbFQPDAmm,masf_marco,1080793112241422337,en,
"RT @OverrunMidfield: Lost in the shuffle of yesterday's announcement:

Julian Araujo and Uly Llanez become the first players born in 2001 t",masf_marco,1080793112241422337,en,
"RT @christopherjee: Anyone care for some #NYCFC news? 

Hearing that Gedion Zelalem is bound for NYCFC after a disappointing year with #Spo",masf_marco,1080793112241422337,en,
RT @charlie_kennan: ive been thinking about this for a while and i dont think pulisic gets enough credit for this. if pulisic doesnt go,masf_marco,1080793112241422337,en,
"RT @PhilaUnion: Starting the Decade vs Ending the Decade 
Ft. @MarkMckenzie4_, @antfontana99, &amp; @AaronsonBrenden

#NYE | #2020 | #HappyNe",masf_marco,1080793112241422337,en,
RT @BrianSciaretta: The #USMNT January camp roster contained a lot of surprises. I took a look at the 25-player youthful roster and looked,masf_marco,1080793112241422337,en,
RT @MLS: .@CristianRoldan  @NicolasLodeiro perfection.  https://t.co/pNlZD0KNBt,masf_marco,1080793112241422337,en,
"RT @estyles_NYtoMN: Love seeing this kid healthy and fit.  Hoping for an injury free 2020.  If so, hes on the Olympic roster https://t.c",masf_marco,1080793112241422337,en,
"RT @ChuckMe92Soccer: 19-year-old Virginia striker Daryl Dike, 6-foot-2 &amp; 220 pounds and named NCAA Offensive MVP (Jordan Morris won it 4 ye",masf_marco,1080793112241422337,en,
RT @Jesusfcd27: Blessed  https://t.co/4Vax5mrhlg,masf_marco,1080793112241422337,en,
RT @orangecountysc:  Congratulations to @BryangKayo for his first senior @USMNT camp call up! The OCSC Pathway to Professional is in full,masf_marco,1080793112241422337,en,
RT @denvernews: Two Rapids called up for USMNT camp in Qatar https://t.co/aEfkE1cl4s,masf_marco,1080793112241422337,en,
RT @JT_Marcinkowski: blessings for the new year ...  https://t.co/CZSDZ0PyYj,masf_marco,1080793112241422337,en,
RT @estyles_NYtoMN: Is this really a @ussoccer Twitter account?  I have never seen such a childish response from an organization.  Please e,masf_marco,1080793112241422337,en,
RT @reallygokublack: This is wildly unprofessional. https://t.co/aj7lZ0oqdN,masf_marco,1080793112241422337,en,
"RT @cboehm: The 3 USMNT call-ups from outside of MLS are 3 of the roster's biggest surprises. A quick look at Christian Cappis, Bryang Kayo",masf_marco,1080793112241422337,en,
@Joossee______ @USMNT ,GringoIron,1026809375279775749,und,@Joossee______ @USMNT
"RT @samxvasquez: @USMNT $25 - 300...
I think you're forgetting that the MNT is still trying to rebuild its fanbase.",GringoIron,1026809375279775749,en,
"RT @MarkFishkin: By the time 2020 ends, the #USMNT will have played SIX Hex matches. https://t.co/O0evDJoq6X",GringoIron,1026809375279775749,en,
@JakeMat20229911 @samsminiarmy @USMNT_Watch MLS efforts are futile,GringoIron,1026809375279775749,en,
@JakeMat20229911 @samsminiarmy @USMNT_Watch Well.....they are.,GringoIron,1026809375279775749,en,
@johnsoccerfan @PhotoBowles He left ROMA for MLS money. Still hurts to say it.,GringoIron,1026809375279775749,en,
@ussoccer_comms @augustogranados Us soccer everybody.,GringoIron,1026809375279775749,en,
@GiallorossiYank https://t.co/9Guy0XjlPc,GringoIron,1026809375279775749,und,@GiallorossiYank https://t.co/9Guy0XjlPc
"RT @Sabbi11F: USMNT U23 Winger Emmanuel Sabbi  in all competition in the Danish Superliga @emmanuelsabbi97 @Hobroik 

#HobroIK",GringoIron,1026809375279775749,en,
@mozell_iii_j @charlie_kennan Nobody takes MLS fan seriously and for good reason,GringoIron,1026809375279775749,en,
@AlexiLalas @CharlotteMLS @MLS Refund all the expansion fees,GringoIron,1026809375279775749,en,
"RT @johnsoccerfan: @WillyBarberich @AmericanOutlaws @USWNT @USMNT I get excited when I see the USWNT uniform, that's about it.  But I like",GringoIron,1026809375279775749,en,
RT @BensCharlie: @RobUsry Club before country https://t.co/xE06HO8Fgu,GringoIron,1026809375279775749,en,
@spanotv Cappis gets a call up but hasn't done anything yet. But this kid sabbi  playing hard and scoring goals. I https://t.co/m1GPj5iSsw,GringoIron,1026809375279775749,en,
@BartimusPrime19 @AmericanOutlaws https://t.co/OQpqbhNbKO,GringoIron,1026809375279775749,und,@BartimusPrime19 @AmericanOutlaws https://t.co/OQpqbhNbKO
@mistafuntastic @DontTreadSoccer And here we go.,GringoIron,1026809375279775749,en,
@FCCAbroad Just sad,GringoIron,1026809375279775749,en,
@spanotv It wasn't called up to the January camp.....not cool.,GringoIron,1026809375279775749,en,
"RT @MasterOfThighs: I see that ""Death To America"" is trending for some reason.  Nevertheless, this is now relevant. https://t.co/LtFd4nll4Z",GringoIron,1026809375279775749,en,
@Loki_G10 And now you see why ussoccer don't care. They will always get their money.,GringoIron,1026809375279775749,en,
@AmericanHoolis Smart young man.,GringoIron,1026809375279775749,en,
@WizardlyWeah @Lethalautaro I hear you but for now fuck the usmnt. I rather see him have success in Europe. Europe over usmnt.,GringoIron,1026809375279775749,en,
@Javierx0149 @USMNT @MLS @VfLWolfsburg_EN @FCDallas @NewYorkRedBulls @LAGalaxy @LAFC @SoundersFC @realsaltlake https://t.co/PsKWqgDhBc,GringoIron,1026809375279775749,en,
@AmericanHoolis apparently he's not playing for nobody now.,GringoIron,1026809375279775749,en,
@jmac2313 Eh why not.,GringoIron,1026809375279775749,en,
@AmericanHoolis Who is kayo,GringoIron,1026809375279775749,tl,@AmericanHoolis Who is kayo
@AmericanHoolis Come on Uly,GringoIron,1026809375279775749,en,
@WizardlyWeah @Lethalautaro Weah still working on coming back fit for his club. Let him work.,GringoIron,1026809375279775749,en,
RT @DennycHernandez: @ed_sporting These are mainly MLS players. USMNT players playing in Europe or other fall to spring leagues are never c,GringoIron,1026809375279775749,en,
RT @corkinho: My USMNT fandom: beginning of the decade vs end of the decade https://t.co/eiMxjfHb8r,GringoIron,1026809375279775749,en,
RT @_GeorgeGlass: @USMNT @MLS @VfLWolfsburg_EN @FCDallas @NewYorkRedBulls @LAGalaxy @LAFC @SoundersFC @realsaltlake @dcunited @ColumbusCrew,GringoIron,1026809375279775749,und,RT @_GeorgeGlass: @USMNT @MLS @VfLWolfsburg_EN @FCDallas @NewYorkRedBulls @LAGalaxy @LAFC @SoundersFC @realsaltlake @dcunited @ColumbusCrew
RT @PicSixAllDay26: @USMNT @MLS @VfLWolfsburg_EN @FCDallas @NewYorkRedBulls @LAGalaxy @LAFC @SoundersFC @realsaltlake @dcunited @ColumbusCr,GringoIron,1026809375279775749,en,
@USMNT @MLS @VfLWolfsburg_EN @FCDallas @NewYorkRedBulls @LAGalaxy @LAFC @SoundersFC @realsaltlake @dcunited https://t.co/LExWdd4uMA,GringoIron,1026809375279775749,und,@USMNT @MLS @VfLWolfsburg_EN @FCDallas @NewYorkRedBulls @LAGalaxy @LAFC @SoundersFC @realsaltlake @dcunited https://t.co/LExWdd4uMA
@Puckhead48E @USMNT @MLS @VfLWolfsburg_EN @FCDallas @NewYorkRedBulls @LAGalaxy @LAFC @SoundersFC @realsaltlake https://t.co/61mDDFjUVL,GringoIron,1026809375279775749,en,
RT @Puckhead48E: @USMNT @MLS @VfLWolfsburg_EN @FCDallas @NewYorkRedBulls @LAGalaxy @LAFC @SoundersFC @realsaltlake @dcunited @ColumbusCrewS,GringoIron,1026809375279775749,en,
@Javierx0149 @USMNT @MLS @VfLWolfsburg_EN @FCDallas @NewYorkRedBulls @LAGalaxy @LAFC @SoundersFC @realsaltlake https://t.co/GDDCLpLVMA,GringoIron,1026809375279775749,en,
@johnsoccerfan @Ells_COYS @USMNT We are not going to Qatar....... except for the January camp,GringoIron,1026809375279775749,en,
@Lee0107_ @garretpawlaczyk @AlexiLalas ,GringoIron,1026809375279775749,und,@Lee0107_ @garretpawlaczyk @AlexiLalas
@Ells_COYS @johnsoccerfan @USMNT We are going to need alot more than those guys. Plus our vision of what a full squ https://t.co/XenGT9GasC,GringoIron,1026809375279775749,en,
@johnsoccerfan .......I HATE MLS! I only watch in hopes that there are some Americans ready for Europe. Sadly none at the moment.,GringoIron,1026809375279775749,en,
@johnsoccerfan @Ells_COYS @USMNT Nobody's going to give credit to the United States for beating Mexico because it's https://t.co/TNPj1G4lFq,GringoIron,1026809375279775749,en,
RT @cccfp: @ussoccer_comms @AmericanHoolis @alexlombardi_ @reallygokublack @AOStPete @CACSoccer is this how you want your Twitter PR accoun,GringoIron,1026809375279775749,en,
@cccfp @ussoccer_comms @AmericanHoolis @alexlombardi_ @reallygokublack @AOStPete @CACSoccer Us soccer ladies and gentlemen,GringoIron,1026809375279775749,en,
@shellykend https://t.co/4j8QyYiA37,GringoIron,1026809375279775749,und,@shellykend https://t.co/4j8QyYiA37
@mpaschke13 @AlexiLalas https://t.co/Ujd1A1ISWU,GringoIron,1026809375279775749,und,@mpaschke13 @AlexiLalas https://t.co/Ujd1A1ISWU
@Lee0107_ @garretpawlaczyk @AlexiLalas Fuck women's sports,GringoIron,1026809375279775749,en,
@_LarryJunior @BeeTEEZY5 @USMNT https://t.co/80z72eqbQC,GringoIron,1026809375279775749,und,@_LarryJunior @ BeeTEEZY5 @USMNT https://t.co/80z72eqbQC
RT @aronjo20: Beginning of the decade vs end of the decade https://t.co/7iHrGICxJh,GringoIron,1026809375279775749,en,
@USKeeper @USMNT Spot on. It's not enough to qualify. They need to make it far to bring back fans.,GringoIron,1026809375279775749,en,
@USKeeper 2015 is when we saw it all fall apart at the gold cup. Fast forward to 2019 Now we can't even give Mexico a good game. How sad.,GringoIron,1026809375279775749,en,
RT @rdhuff178: @RondoL_ @JDNalton @TaylorTwellman @USMNT @FCRBS_en @OtherBundesliga I hope it is as well. That might finally be the wake up,RealUSMNT,747159582200336385,en,
RT @JayAH985: @RondoL_ @rdhuff178 @JDNalton @TaylorTwellman @USMNT @FCRBS_en @OtherBundesliga Well hes having his top players sold so it mi,RealUSMNT,747159582200336385,en,
RT @Travtical: Almost everything about how the #USMNT is run and operated frustrates and depresses me. But this? This pleases me. Needs wal,RealUSMNT,747159582200336385,en,
"RT @SebaAlfaro1998: @JDNalton @USMNT @FCRBS_en @OtherBundesliga After the game:

Berhalter OUT

Marsch IN",RealUSMNT,747159582200336385,en,
"RT @JDNalton: Jesse Marsch's RB Salzburg will play the #USMNT in a friendly in Doha, as part of both sides' January training camp  ht",RealUSMNT,747159582200336385,en,
"RT @ManuelVeth: #USMNT Tyler Adams back to 100% - Market value has stagnated

For more on the #RBLeipzig midfielder read my latest on @Tran",RealUSMNT,747159582200336385,en,
RT @wfchannah: @secularwakanada @itsmeglinehan @thegoalkeeper The USWNT brings in more revenue than the USMNT to the US federation. They wa,RealUSMNT,747159582200336385,en,
"RT @USMNT: Start the new decade with us! 

Tickets for  vs.  in California are on sale!
Use code: C2TWTR  https://t.co/HnSELegVW2 htt",RealUSMNT,747159582200336385,en,
RT @chiquyheredia: @USMNT No thank you,RealUSMNT,747159582200336385,en,
"RT @elizabethblogng: #NEWS #News1st #Trump #TrumpImpeachment #Trumps2020Resolutions #Repost #McConnell #Trending #USA #USMNT 

Pelosi, McCo",RealUSMNT,747159582200336385,en,
"RT @samxvasquez: @USMNT $25 - 300...
I think you're forgetting that the MNT is still trying to rebuild its fanbase.",RealUSMNT,747159582200336385,en,
"RT @MLS_REPUBLIC:  | #MLS | SportsCenter Images of the 2010's Decade (3 USWNT moments, 1 USMNT) https://t.co/k5tRIOYqK6",RealUSMNT,747159582200336385,en,
RT @MLS_REPUBLIC:  | #MLS | Tickets for USMNT vs. Costa Rica starting at $25 https://t.co/nnNm8mGkYm,RealUSMNT,747159582200336385,en,
RT @borgonovorob: Just Pinned to Sports News: Christian Pulisic at Chelsea  USMNT stars performances assessed game by game https://t.co/as2,RealUSMNT,747159582200336385,en,
"RT @USAFieldHockey: The Indoor USMNT is on the ground in Vienna, Austria and is wasting no time in getting ready for the Rohrmax Cup.  h",RealUSMNT,747159582200336385,en,
RT @7puzzle: @TheWelshDragon9 The 2nd @cymru friendly at end of March is rumoured to be USA @USMNT in Cardiff. Can anyone in the know confi,RealUSMNT,747159582200336385,en,
"RT @JasonACapps: I forgot some of these. A few personal ones from watching live have to be Donovans goal at the death for @USMNT in 2010,",RealUSMNT,747159582200336385,en,
RT @mcclinticki: @USMNT I can't wait to not go.,RealUSMNT,747159582200336385,en,
"RT @footy90com: Yanks #Abroad: USMNT in action (New Year's Day) 01/02/2020 - Soccer America
#OfficialRUFC  #Championship 
https://t.",RealUSMNT,747159582200336385,en,
RT @kosherfteswl: @USMNT Code doesnt work and what exactly are we supposed to put the code in? Which section,RealUSMNT,747159582200336385,en,
"RT @SorryImAnonymo1: @USMNT Most goal contributions:

1. JMo 5g,6a
T2. CP 5g,3a
-. WM 5g,3a
4. GZ 6g,1a
5. Arriola 3g,2a
6. Long 3g,1a
T7.",RealUSMNT,747159582200336385,ht,"RT @SorryImAnonymo1: @USMNT Most goal contributions:

1. JMo 5g,6a
T2. CP 5g,3a
-. WM 5g,3a
4. GZ 6g,1a
5. Arriola 3g,2a
6. Long 3g,1a
T7."
RT @aaronfs: Will the USMNT ever win the World Cup?,RealUSMNT,747159582200336385,en,
RT @BartsNewGlasses: Eyes  https://t.co/VKUakjpp5d,RealUSMNT,747159582200336385,en,
RT @CoxinIB: @USMNT Code doesn't work!,RealUSMNT,747159582200336385,en,
"RT @MoJoMUFC: @ussoccer_comms Questions: so many conflicts of interest within US Soccer, are there any actual plans to change that?  Ex: ML",RealUSMNT,747159582200336385,en,
"RT @USMNTvideos: Gio Reyna's 2019 Highlights with Borussia Dortmund

https://t.co/4UHcrTI8x2",RealUSMNT,747159582200336385,en,
RT @MLSAces: Wanted to start something new over on Instagram. A page dedicated to the style and DRIP from our soccer stars here in North Am,RealUSMNT,747159582200336385,en,
"RT @USLChampionship: The 2020 @USMNT January Camp will feature some notable USL Championship alumni, including @bryangkayo 

More ",RealUSMNT,747159582200336385,en,
RT @usmnt_historian: @fbwonderkids @USMNT @USYNT @ussoccer @aleexm21 @tyler_adams14 Some real quality here. All of them but Pomykal playing,RealUSMNT,747159582200336385,en,
RT @BrisenoLeo: @USMNT @USMNT @USMNT @USMNT PLEASE...PLEASE...IM BEGGIN HERE!!! https://t.co/eVPF9DG8Pf,RealUSMNT,747159582200336385,en,
RT @Chrisawesome63: So I guess we can forget about Pulisic reaching double digit goals and assists this season or what? #Pulisic #CFC #USMNT,RealUSMNT,747159582200336385,en,
"RT @JeremyKawika: Wait, the USMNT will play SIX World Cup qualifiers in 2020?! New schedule format is wild, what even happens in 2021?",RealUSMNT,747159582200336385,en,
RT @ChelseaMatt33: Bold USMNT predictions for 2020 https://t.co/U7jNRf6GYn via @StarsStripesFC,RealUSMNT,747159582200336385,en,
RT @ruizchavezfam: Time to pack up for @CalNorthSoccer ODP regionals @usysodp @USYouthSoccer @USMNT @Nike @TeamNikeSoccer @wcwboyssoccer !,RealUSMNT,747159582200336385,en,
RT @GarrickRespress: @AlexiLalas Special?  Are you kidding yourself? You &amp; your teammates were special.  This is the entitlement that,RealUSMNT,747159582200336385,en,
RT @AnthonyCalabr12: @USMNT https://t.co/21XRzRQxtx,RealUSMNT,747159582200336385,und,RT @AnthonyCalabr12: @USMNT https://t.co/21XRzRQxtx
RT @DavidNunoABC13: My profile on @CCappis_99 as he gets a call up to the @USMNT January camp.  The 3rd Houston native to get the call.  Jo,RealUSMNT,747159582200336385,en,
"RT @jrmorgan16: #USMNT players:
- Pulisic - After a slow start he has become a key player for @ChelseaFC and proven his effectiveness at th",RealUSMNT,747159582200336385,en,
"RT @footy90com: Bruce: #USMNTs Yedlin possible broken hand amongst five Newcastle injuries - ProSoccerTalk
#SUFC_tweets  #Champions",RealUSMNT,747159582200336385,en,
"RT @StatesideSoccer: USMNT's DeAndre Yedlin injures hand, leaves stadium in sling after Newcastle loss https://t.co/2DP4uP2l1C https://t.co",RealUSMNT,747159582200336385,en,
"RT @Bertsmoker: That's how you qualify for Qatar 2020, bitches  https://t.co/ticgLg2YMZ",RealUSMNT,747159582200336385,en,
RT @ldock93: The one we scored against Mexico.....oh https://t.co/Xp6MWxT4y1,RealUSMNT,747159582200336385,en,
RT @JakeMat20229911: @GringoIron @samsminiarmy @USMNT_Watch And then I guess they always will be. No sense on trying huh.,RealUSMNT,747159582200336385,en,
RT @maywoodsworld: @FutureUsmnt They should get called up by the usmnt and ball out.,RealUSMNT,747159582200336385,en,
RT @JakeMat20229911: @samsminiarmy @USMNT_Watch You must really like those Europeans huh? Oh there so much better then  at kicking a ball.,RealUSMNT,747159582200336385,en,
RT @GringoIron: @JakeMat20229911 @samsminiarmy @USMNT_Watch Well.....they are.,RealUSMNT,747159582200336385,en,
RT @USMNTea: @AOHartford Its really hard to compare Yedlin and Dest. Totally different styles of play. Yedlin is a better defender. Dest h,RealUSMNT,747159582200336385,en,
RT @LennartHerrera: @dg_uru dnde est la del USMNT?,RealUSMNT,747159582200336385,es,RT @LennartHerrera: @dg_uru dnde est la part USMNT?
"RT @GatorTee: A lot of great moments in sports in the last decade. Pretty disappointing in my sports world. Gators, Bucs, Rays, USMNT, save",RealUSMNT,747159582200336385,en,
"RT @JasonCZacher: @dougb541 @JKHallJr @USMNT Yeah, but if you're not going to fight about sports, what's the point? Lot more fun than polit",RealUSMNT,747159582200336385,en,
